Name,Slug,Collection ID,Locale ID,Item ID,Archived,Draft,Created On,Updated On,Published On,Grant Size,Currency,Status,Grant Overview,Areas of Focus,How it Works,Resources,FAQs,Airtable ID
Crypto Writers Grant Program,s-8,65b670ec21078c5d27e361e4,65b670ec21078c5d27e361aa,65b670ec21078c5d27e362ee,false,false,Thu Oct 20 2022 20:14:02 GMT+0000 (Coordinated Universal Time),Thu Oct 20 2022 20:14:10 GMT+0000 (Coordinated Universal Time),Sun Jan 28 2024 15:41:13 GMT+0000 (Coordinated Universal Time),,,Open,,,,,,recEZM09ktlFCvR8v
Crypto Writers Grant Program,crypto-writers-grant-program,65b670ec21078c5d27e361e4,65b670ec21078c5d27e361aa,65b670ec21078c5d27e362f9,false,false,Wed Nov 23 2022 00:20:16 GMT+0000 (Coordinated Universal Time),Wed Nov 23 2022 00:20:16 GMT+0000 (Coordinated Universal Time),Sun Jan 28 2024 15:41:13 GMT+0000 (Coordinated Universal Time),,,Open,,,,,,recEZM09ktlFCvR8v
LamportDAO Grants Program,lamportdao-grants-program,65b670ec21078c5d27e361e4,65b670ec21078c5d27e361aa,65b670ec21078c5d27e363b0,false,false,Tue Dec 27 2022 13:17:26 GMT+0000 (Coordinated Universal Time),Tue Dec 27 2022 13:17:26 GMT+0000 (Coordinated Universal Time),Sun Jan 28 2024 15:41:13 GMT+0000 (Coordinated Universal Time),,,Open,,,,,,recOYHuza2S5yK9aq
Pyth Network Grants Program,pyth-network-grants-program,65b670ec21078c5d27e361e4,65b670ec21078c5d27e361aa,65b670ec21078c5d27e362e6,false,false,Sun Oct 16 2022 21:35:16 GMT+0000 (Coordinated Universal Time),Thu Dec 01 2022 19:09:17 GMT+0000 (Coordinated Universal Time),Sun Jan 28 2024 15:41:13 GMT+0000 (Coordinated Universal Time),,,Inactive,,,,,,recS2p1o4LRiPQEZ2
Pyth Network Grants Program,pyth-network-grants-program-1,65b670ec21078c5d27e361e4,65b670ec21078c5d27e361aa,65b670ec21078c5d27e362f8,false,false,Wed Nov 23 2022 00:20:15 GMT+0000 (Coordinated Universal Time),Wed Nov 23 2022 00:20:15 GMT+0000 (Coordinated Universal Time),Sun Jan 28 2024 15:41:13 GMT+0000 (Coordinated Universal Time),,,Open,,,,,,recS2p1o4LRiPQEZ2
Seahorse Grants Program,s,65b670ec21078c5d27e361e4,65b670ec21078c5d27e361aa,65b670ec21078c5d27e362eb,false,false,Tue Oct 18 2022 13:35:51 GMT+0000 (Coordinated Universal Time),Tue Oct 18 2022 13:36:01 GMT+0000 (Coordinated Universal Time),Sun Jan 28 2024 15:41:13 GMT+0000 (Coordinated Universal Time),,,Open,,,,,,recYzdpASoJqSC6K7
Seahorse Grants Program,seahorse-grants-program,65b670ec21078c5d27e361e4,65b670ec21078c5d27e361aa,65b670ec21078c5d27e362fb,false,false,Wed Nov 23 2022 00:20:18 GMT+0000 (Coordinated Universal Time),Wed Nov 23 2022 00:20:18 GMT+0000 (Coordinated Universal Time),Sun Jan 28 2024 15:41:13 GMT+0000 (Coordinated Universal Time),,,Open,,,,,,recYzdpASoJqSC6K7
SolRazr Grant,solrazr-grant,65b670ec21078c5d27e361e4,65b670ec21078c5d27e361aa,65b670ec21078c5d27e362ea,false,false,Sun Oct 16 2022 21:35:21 GMT+0000 (Coordinated Universal Time),Sun Oct 16 2022 21:35:21 GMT+0000 (Coordinated Universal Time),Sun Jan 28 2024 15:41:13 GMT+0000 (Coordinated Universal Time),,,Inactive,,,,,,recut7BIFaG5kVAkV
SolRazr Grant,solrazr-grant-6,65b670ec21078c5d27e361e4,65b670ec21078c5d27e361aa,65b670ec21078c5d27e362f3,false,false,Wed Nov 23 2022 00:20:10 GMT+0000 (Coordinated Universal Time),Wed Nov 23 2022 00:20:10 GMT+0000 (Coordinated Universal Time),Sun Jan 28 2024 15:41:13 GMT+0000 (Coordinated Universal Time),,,Inactive,,,,,,recut7BIFaG5kVAkV
Solana Foundation Germany Grant Program,solana-foundation-germany-grant-program,65b670ec21078c5d27e361e4,65b670ec21078c5d27e361aa,65b670ec21078c5d27e362f1,false,false,Tue Nov 15 2022 19:50:40 GMT+0000 (Coordinated Universal Time),Tue Nov 15 2022 19:50:40 GMT+0000 (Coordinated Universal Time),Sun Jan 28 2024 15:41:13 GMT+0000 (Coordinated Universal Time),,,Open,,,,,,rec2HnT1BcqVReKvl
Solana Foundation Germany Grant Program,solana-foundation-germany-grant-program-a,65b670ec21078c5d27e361e4,65b670ec21078c5d27e361aa,65b670ec21078c5d27e362f2,false,false,Wed Nov 23 2022 00:20:08 GMT+0000 (Coordinated Universal Time),Wed Nov 23 2022 00:20:08 GMT+0000 (Coordinated Universal Time),Sun Jan 28 2024 15:41:13 GMT+0000 (Coordinated Universal Time),,,Open,,,,,,rec2HnT1BcqVReKvl
Solana Foundation India Grants Program,solana-foundation-india-grants-program,65b670ec21078c5d27e361e4,65b670ec21078c5d27e361aa,65b670ec21078c5d27e362e5,false,false,Sun Oct 16 2022 21:35:15 GMT+0000 (Coordinated Universal Time),Sun Oct 16 2022 21:35:15 GMT+0000 (Coordinated Universal Time),Sun Jan 28 2024 15:41:13 GMT+0000 (Coordinated Universal Time),,,Open,,,,,,recLg16ytLigSze2Y
Solana Foundation India Grants Program,solana-foundation-india-grants-program-3,65b670ec21078c5d27e361e4,65b670ec21078c5d27e361aa,65b670ec21078c5d27e362fa,false,false,Wed Nov 23 2022 00:20:17 GMT+0000 (Coordinated Universal Time),Wed Nov 23 2022 00:20:17 GMT+0000 (Coordinated Universal Time),Sun Jan 28 2024 15:41:13 GMT+0000 (Coordinated Universal Time),,,Open,,,,,,recLg16ytLigSze2Y
Solana Foundation Turkey Grant Program,s-1,65b670ec21078c5d27e361e4,65b670ec21078c5d27e361aa,65b670ec21078c5d27e363af,false,false,Thu Nov 24 2022 14:11:28 GMT+0000 (Coordinated Universal Time),Thu Nov 24 2022 14:11:39 GMT+0000 (Coordinated Universal Time),Sun Jan 28 2024 15:41:13 GMT+0000 (Coordinated Universal Time),,,Open,,,,,,rec2c0DGKFsoP6Yr3
Solana Foundation Vietnam Grants Program,solana-foundation-vietnam-grants-program,65b670ec21078c5d27e361e4,65b670ec21078c5d27e361aa,65b670ec21078c5d27e362e7,false,false,Sun Oct 16 2022 21:35:17 GMT+0000 (Coordinated Universal Time),Sun Oct 16 2022 21:35:17 GMT+0000 (Coordinated Universal Time),Sun Jan 28 2024 15:41:13 GMT+0000 (Coordinated Universal Time),,,Open,,,,,,reckLct3lWccCN7YI
Solana Foundation Vietnam Grants Program,solana-foundation-vietnam-grants-program-0,65b670ec21078c5d27e361e4,65b670ec21078c5d27e361aa,65b670ec21078c5d27e362f4,false,false,Wed Nov 23 2022 00:20:11 GMT+0000 (Coordinated Universal Time),Wed Nov 23 2022 00:20:11 GMT+0000 (Coordinated Universal Time),Sun Jan 28 2024 15:41:13 GMT+0000 (Coordinated Universal Time),,,Open,,,,,,reckLct3lWccCN7YI
Solana Hackathon Sponsorships,s-5,65b670ec21078c5d27e361e4,65b670ec21078c5d27e361aa,65b670ec21078c5d27e362ed,false,false,Thu Oct 20 2022 11:30:30 GMT+0000 (Coordinated Universal Time),Fri Dec 02 2022 10:17:38 GMT+0000 (Coordinated Universal Time),Sun Jan 28 2024 15:41:13 GMT+0000 (Coordinated Universal Time),,,Inactive,,,,,,recvv3CcU0yfvBWOb
Solana Hackathon Sponsorships,solana-hackathon-sponsorships,65b670ec21078c5d27e361e4,65b670ec21078c5d27e361aa,65b670ec21078c5d27e362f7,false,false,Wed Nov 23 2022 00:20:14 GMT+0000 (Coordinated Universal Time),Wed Nov 23 2022 00:20:14 GMT+0000 (Coordinated Universal Time),Sun Jan 28 2024 15:41:13 GMT+0000 (Coordinated Universal Time),,,Open,,,,,,recvv3CcU0yfvBWOb
Streamflow Grant Program,streamflow-grant-program,65b670ec21078c5d27e361e4,65b670ec21078c5d27e361aa,65b670ec21078c5d27e362e9,false,false,Sun Oct 16 2022 21:35:19 GMT+0000 (Coordinated Universal Time),Sun Oct 16 2022 21:35:19 GMT+0000 (Coordinated Universal Time),Sun Jan 28 2024 15:41:13 GMT+0000 (Coordinated Universal Time),,,Open,,,,,,recok7bqHQ94KiLAf
Streamflow Grant Program,streamflow-grant-program-d,65b670ec21078c5d27e361e4,65b670ec21078c5d27e361aa,65b670ec21078c5d27e362f6,false,false,Wed Nov 23 2022 00:20:13 GMT+0000 (Coordinated Universal Time),Wed Nov 23 2022 00:20:13 GMT+0000 (Coordinated Universal Time),Sun Jan 28 2024 15:41:13 GMT+0000 (Coordinated Universal Time),,,Open,,,,,,recok7bqHQ94KiLAf
Wormhole Foundation Grants Program,wormhole-foundation-grants-program,65b670ec21078c5d27e361e4,65b670ec21078c5d27e361aa,65b670ec21078c5d27e362e8,false,false,Sun Oct 16 2022 21:35:18 GMT+0000 (Coordinated Universal Time),Thu Dec 01 2022 19:09:15 GMT+0000 (Coordinated Universal Time),Sun Jan 28 2024 15:41:13 GMT+0000 (Coordinated Universal Time),,,Inactive,,,,,,recG2UKAM7npxHrRJ
Wormhole Foundation Grants Program,wormhole-foundation-grants-program-3,65b670ec21078c5d27e361e4,65b670ec21078c5d27e361aa,65b670ec21078c5d27e362f5,false,false,Wed Nov 23 2022 00:20:12 GMT+0000 (Coordinated Universal Time),Wed Nov 23 2022 00:20:12 GMT+0000 (Coordinated Universal Time),Sun Jan 28 2024 15:41:13 GMT+0000 (Coordinated Universal Time),,,Open,,,,,,recG2UKAM7npxHrRJ
